Workbook

Sheet Resumo
A1: 💰 Resumo financeiro — Meu Primeiro Bebê
A2: Digite o orçamento disponível na célula amarela. O restante é automático.
A4: TOTAL DO ENXOVAL | B4: =SUM(Enxoval!F5:F70)
A5: JÁ GASTAMOS | B5: =SUMIF(Enxoval!G5:G70,"Sim",Enxoval!F5:F70)
A6: AINDA FALTA | B6: =B4-B5
A7: ORÇAMENTO DISPONÍVEL
A8: DIFERENÇA (orçamento − total) | B8: =B7-B4 | C8: =IF(B7="","← informe o orçamento",IF(B8<0,"Acima do orçamento: revise itens Pode esperar/Pense antes","Dentro do orçamento 🎉"))
A11: Total por prioridade
A12: Prioridade | B12: Total | C12: Já comprado
A13: Essencial | B13: =SUMIF(Enxoval!C5:C70,A13,Enxoval!F5:F70) | C13: =SUMIFS(Enxoval!F5:F70,Enxoval!C5:C70,A13,Enxoval!G5:G70,"Sim")
A14: Importante | B14: =SUMIF(Enxoval!C5:C70,A14,Enxoval!F5:F70) | C14: =SUMIFS(Enxoval!F5:F70,Enxoval!C5:C70,A14,Enxoval!G5:G70,"Sim")
A15: Pode esperar | B15: =SUMIF(Enxoval!C5:C70,A15,Enxoval!F5:F70) | C15: =SUMIFS(Enxoval!F5:F70,Enxoval!C5:C70,A15,Enxoval!G5:G70,"Sim")
A16: Pense antes | B16: =SUMIF(Enxoval!C5:C70,A16,Enxoval!F5:F70) | C16: =SUMIFS(Enxoval!F5:F70,Enxoval!C5:C70,A16,Enxoval!G5:G70,"Sim")
A19: Itens comprados | B19: =COUNTIF(Enxoval!G5:G70,"Sim")&" de "&COUNTA(Enxoval!B5:B70)

Sheet Enxoval
A1: 🛒 Planilha do enxoval
A2: Preencha apenas as colunas brancas: quantidade, valor unitário e 'Comprado?'. O total é calculado sozinho.
A4: Categoria | B4: Produto | C4: Prioridade | D4: Quantidade | E4: Valor unitário | F4: Total | G4: Comprado? | H4: Onde / observação
A5: Roupas | B5: Body manga curta (RN + P) | C5: Essencial | D5: 9 | F5: =IF(OR(D5="",E5=""),0,D5*E5) | G5: Não
A6: Roupas | B6: Body manga longa (RN + P) | C6: Essencial | D6: 9 | F6: =IF(OR(D6="",E6=""),0,D6*E6) | G6: Não
A7: Roupas | B7: Macacão | C7: Essencial | D7: 6 | F7: =IF(OR(D7="",E7=""),0,D7*E7) | G7: Não
A8: Roupas | B8: Calça | C8: Essencial | D8: 6 | F8: =IF(OR(D8="",E8=""),0,D8*E8) | G8: Não
A9: Roupas | B9: Meias (pares) | C9: Essencial | D9: 7 | F9: =IF(OR(D9="",E9=""),0,D9*E9) | G9: Não
A10: Roupas | B10: Touca | C10: Importante | D10: 2 | F10: =IF(OR(D10="",E10=""),0,D10*E10) | G10: Não
A11: Roupas | B11: Manta / cueiro | C11: Essencial | D11: 3 | F11: =IF(OR(D11="",E11=""),0,D11*E11) | G11: Não
A12: Roupas | B12: Casaquinho | C12: Importante | D12: 3 | F12: =IF(OR(D12="",E12=""),0,D12*E12) | G12: Não
A13: Roupas | B13: Fralda de pano (boca) | C13: Essencial | D13: 10 | F13: =IF(OR(D13="",E13=""),0,D13*E13) | G13: Não
A14: Higiene | B14: Toalha com capuz | C14: Essencial | D14: 3 | F14: =IF(OR(D14="",E14=""),0,D14*E14) | G14: Não
A15: Higiene | B15: Trocador | C15: Essencial | D15: 1 | F15: =IF(OR(D15="",E15=""),0,D15*E15) | G15: Não
A16: Higiene | B16: Termômetro digital | C16: Essencial | D16: 1 | F16: =IF(OR(D16="",E16=""),0,D16*E16) | G16: Não
... A40: Mãe | B40: Absorvente pós-parto (pacotes) | C40: Essencial | D40: 3 | F40: =IF(OR(D40="",E40=""),0,D40*E40) | G40: Não
F41: =IF(OR(D41="",E41=""),0,D41*E41)
F42: =IF(OR(D42="",E42=""),0,D42*E42)
F43: =IF(OR(D43="",E43=""),0,D43*E43)
F44: =IF(OR(D44="",E44=""),0,D44*E44)
F45: =IF(OR(D45="",E45=""),0,D45*E45)
F46: =IF(OR(D46="",E46=""),0,D46*E46)
F47: =IF(OR(D47="",E47=""),0,D47*E47)
F48: =IF(OR(D48="",E48=""),0,D48*E48)
F49: =IF(OR(D49="",E49=""),0,D49*E49)
F50: =IF(OR(D50="",E50=""),0,D50*E50)
F51: =IF(OR(D51="",E51=""),0,D51*E51)
F52: =IF(OR(D52="",E52=""),0,D52*E52)
... F70: =IF(OR(D70="",E70=""),0,D70*E70)

Sheet Fraldas
A1: 🧷 Calculadora de fraldas
A2: Estimativas aproximadas — ajuste fraldas/dia e dias no tamanho conforme o seu bebê. Quantidades por pacote variam por marca.
A4: Tamanho | B4: Fraldas por dia | C4: Dias no tamanho | D4: Necessárias | E4: Recebidas | F4: Compradas | G4: Falta | H4: Fraldas por pacote | I4: Pacotes a comprar
A5: RN | B5: 10 | C5: 21 | D5: =B5*C5 | E5: 0 | F5: 0 | G5: =MAX(0,D5-E5-F5) | H5: 36 | I5: =IF(H5>0,ROUNDUP(G5/H5,0),"")
A6: P | B6: 9 | C6: 45 | D6: =B6*C6 | E6: 0 | F6: 0 | G6: =MAX(0,D6-E6-F6) | H6: 46 | I6: =IF(H6>0,ROUNDUP(G6/H6,0),"")
A7: M | B7: 8 | C7: 120 | D7: =B7*C7 | E7: 0 | F7: 0 | G7: =MAX(0,D7-E7-F7) | H7: 40 | I7: =IF(H7>0,ROUNDUP(G7/H7,0),"")
A8: G | B8: 6 | C8: 180 | D8: =B8*C8 | E8: 0 | F8: 0 | G8: =MAX(0,D8-E8-F8) | H8: 34 | I8: =IF(H8>0,ROUNDUP(G8/H8,0),"")
A9: XG | B9: 5 | C9: 180 | D9: =B9*C9 | E9: 0 | F9: 0 | G9: =MAX(0,D9-E9-F9) | H9: 30 | I9: =IF(H9>0,ROUNDUP(G9/H9,0),"")
A10: TOTAL | D10: =SUM(D5:D9) | E10: =SUM(E5:E9) | F10: =SUM(F5:F9) | G10: =SUM(G5:G9) | I10: =SUM(I5:I9)
A12: Dica: compre aos poucos — o bebê pode pular um tamanho. No chá de bebê, peça tamanhos P, M e G.

Sheet Gastos da gestação
A1: 📋 Outros gastos (consultas, exames, remédios, transporte…)
A3: Data | B3: Descrição | C3: Categoria | D3: Valor | E3: Pago? | G3: TOTAL | H3: =SUM(D4:D103)
G4: Pago | H4: =SUMIF(E4:E103,"Sim",D4:D103)

Sheet Chá de bebê
A1: 🎁 Chá de bebê
A3: Convidado(a) | B3: Confirmou? | C3: Tamanho de fralda sugerido | D3: Presente recebido | E3: Agradeci? | G3: Confirmados | H3: =COUNTIF(B4:B83,"Sim")
G4: Agradecimentos pendentes | H4: =COUNTIFS(D4:D83,"<>",E4:E83,"<>Sim")
